{"cameraMode":{"drawMode":0,"name":"Shaded","section":"Shading Mode"},"sceneLighting":true,"audioPlay":false,"sceneViewState":{"m_AlwaysRefresh":false,"showFog":true,"showSkybox":true,"showFlares":true,"showImageEffects":true,"showParticleSystems":true,"showVisualEffectGraphs":true,"m_FxEnabled":true},"in2DMode":false,"pivot":{"x":-1.7110756635665894,"y":-0.11952817440032959,"z":0.0587618350982666},"rotation":{"x":0.32286518812179568,"y":-0.01703900657594204,"z":0.005813686642795801,"w":0.9462770819664002},"size":25.18246078491211,"orthographic":true}